{"cameraMode":{"drawMode":0,"name":"Shaded","section":"Shading Mode"},"sceneLighting":true,"audioPlay":false,"sceneViewState":{"m_AlwaysRefresh":false,"showFog":true,"showSkybox":true,"showFlares":true,"showImageEffects":true,"showParticleSystems":true,"showVisualEffectGraphs":true,"m_FxEnabled":true},"in2DMode":false,"pivot":{"x":3.200000047683716,"y":0.7999999523162842,"z":-4.380000114440918},"rotation":{"x":0.03588133677840233,"y":-0.8978808522224426,"z":0.43240851163864138,"w":0.0745076835155487},"size":13.030281066894532,"orthographic":false}