{"cameraMode":{"drawMode":0,"name":"Shaded","section":"Shading Mode"},"sceneLighting":false,"audioPlay":false,"sceneViewState":{"m_AlwaysRefresh":false,"showFog":true,"showSkybox":false,"showFlares":true,"showImageEffects":true,"showParticleSystems":true,"showVisualEffectGraphs":true,"m_FxEnabled":true},"in2DMode":false,"pivot":{"x":11.140000343322754,"y":2.190000057220459,"z":-1.1920928955078126e-7},"rotation":{"x":0.03588133677840233,"y":-0.8978808522224426,"z":0.43240851163864138,"w":0.0745076835155487},"size":2.4479379653930666,"orthographic":false}